<?xml version="1.0" encoding="UTF-8"?>
<configuracion>

	<!-- De a cuantos bytes se lee del archivo. -->
	<TAMANIO_BUFFER_LECTURA>256</TAMANIO_BUFFER_LECTURA>
	
	<!-- De a cuantos bytes se lee del archivo. -->
	<TAMANIO_BUFFER_ESCRITURA>256</TAMANIO_BUFFER_ESCRITURA>
	
	<BUFFER_LECTURA_TEXT_INPUT>30</BUFFER_LECTURA_TEXT_INPUT>
	
	<!-- Esto es de a cuantos registros se lee del archivo deldicionario. -->
	<TAMANO_CACHE>10</TAMANO_CACHE>
	
	<SPANISH_OPTIMIZATION_ACTIVATED>true</SPANISH_OPTIMIZATION_ACTIVATED>
	
	<DEFAULT_TEXT_INPUT_CHARSET>UTF-8</DEFAULT_TEXT_INPUT_CHARSET>
	
	<ARCHIVO_DICCIONARIO>./diccionario.data</ARCHIVO_DICCIONARIO>

	<ARCHIVO_AUDIO>./audio.data</ARCHIVO_AUDIO>
	
	<ESCAPES_REGEX>
		<![CDATA[((l{2}))|([b])|((?<!c)h)|((je))|((ji))|((mb))|((ce))|((ci))|((za))|((zu))|((\.))|((\,))|((\-))|((\+))|((\=))|((\$))|((\*))|((\%))|((\#))|((\@))|(([1]))|(([2]))|(([3]))|(([4]))|(([5]))|(([6]))|(([7]))|(([8]))|(([9]))|(([0]))]]>
	</ESCAPES_REGEX>
	
</configuracion>
